{
  "model_name": "Базовая модель Boston Housing",
  "description": "Модель из главы 4.3 без модификаций",
  "test_metrics": {
    "loss": 14.556238174438477,
    "mae": 2.7110347747802734
  },
  "epochs": 130,
  "k_folds": 4,
  "cv_mean_mae": 2.39059841632843,
  "cv_std_mae": 0.16855960078326493
}